"INDIVIDUAL_ID","ALLELE","GENOTYPE","CLASS"
"16563","Sol_MHCIex2_002",1,"I"
"16563","Sol_MHCIex2_009",1,"I"
"16563","Sol_MHCIex2_026",1,"I"
"16564","Sol_MHCIex2_002",1,"I"
"16564","Sol_MHCIex2_026",1,"I"
"16564","Sol_MHCIex2_023",1,"I"
"16564","Sol_MHCIex2_122",1,"I"
"16565","Sol_MHCIex2_022",1,"I"
"16565","Sol_MHCIex2_016",1,"I"
"16565","Sol_MHCIex2_134",1,"I"
"16565","Sol_MHCIex2_081",1,"I"
"16566","Sol_MHCIex2_022",1,"I"
"16566","Sol_MHCIex2_016",1,"I"
"16566","Sol_MHCIex2_122",1,"I"
"16566","Sol_MHCIex2_068",1,"I"
"16567","Sol_MHCIex2_003",1,"I"
"16567","Sol_MHCIex2_002",1,"I"
"16567","Sol_MHCIex2_047",1,"I"
"16567","Sol_MHCIex2_134",1,"I"
"16568","Sol_MHCIex2_002",1,"I"
"16568","Sol_MHCIex2_022",1,"I"
"16568","Sol_MHCIex2_122",1,"I"
"16569","Sol_MHCIex2_003",1,"I"
"16569","Sol_MHCIex2_023",1,"I"
"16569","Sol_MHCIex2_114",1,"I"
"16569","Sol_MHCIex2_135",1,"I"
"16570","Sol_MHCIex2_009",1,"I"
"16570","Sol_MHCIex2_026",1,"I"
"16571","Sol_MHCIex2_003",1,"I"
"16571","Sol_MHCIex2_023",1,"I"
"16571","Sol_MHCIex2_114",1,"I"
"16571","Sol_MHCIex2_135",1,"I"
"16572","Sol_MHCIex2_002",1,"I"
"16572","Sol_MHCIex2_022",1,"I"
"16572","Sol_MHCIex2_016",1,"I"
"16572","Sol_MHCIex2_068",1,"I"
"16595","Sol_MHCIex2_022",1,"I"
"16595","Sol_MHCIex2_016",1,"I"
"16595","Sol_MHCIex2_014",1,"I"
"16595","Sol_MHCIex2_027",1,"I"
"16595","Sol_MHCIex2_136",1,"I"
"16596","Sol_MHCIex2_040",1,"I"
"16596","Sol_MHCIex2_070",1,"I"
"16596","Sol_MHCIex2_092",1,"I"
"16596","Sol_MHCIex2_080",1,"I"
"16596","Sol_MHCIex2_073",1,"I"
"16596","Sol_MHCIex2_129",1,"I"
"16596","Sol_MHCIex2_131",1,"I"
"16596","Sol_MHCIex2_142",1,"I"
"16596","Sol_MHCIex2_141",1,"I"
"16596","Sol_MHCIex2_139",1,"I"
"16596","Sol_MHCIex2_140",1,"I"
"16596","Sol_MHCIex2_144",1,"I"
"16596","Sol_MHCIex2_143",1,"I"
"16596","Sol_MHCIex2_146",1,"I"
"16596","Sol_MHCIex2_145",1,"I"
"16597","Sol_MHCIex2_040",1,"I"
"16597","Sol_MHCIex2_070",1,"I"
"16597","Sol_MHCIex2_092",1,"I"
"16597","Sol_MHCIex2_124",1,"I"
"16597","Sol_MHCIex2_094",1,"I"
"16597","Sol_MHCIex2_093",1,"I"
"16597","Sol_MHCIex2_137",1,"I"
"16597","Sol_MHCIex2_095",1,"I"
"16597","Sol_MHCIex2_160",1,"I"
"16597","Sol_MHCIex2_168",1,"I"
"16597","Sol_MHCIex2_185",1,"I"
"16598","Sol_MHCIex2_070",1,"I"
"16598","Sol_MHCIex2_092",1,"I"
"16598","Sol_MHCIex2_080",1,"I"
"16598","Sol_MHCIex2_130",1,"I"
"16598","Sol_MHCIex2_083",1,"I"
"16598","Sol_MHCIex2_118",1,"I"
"16598","Sol_MHCIex2_137",1,"I"
"16598","Sol_MHCIex2_096",1,"I"
"16598","Sol_MHCIex2_084",1,"I"
"16598","Sol_MHCIex2_123",1,"I"
"16598","Sol_MHCIex2_166",1,"I"
"16598","Sol_MHCIex2_169",1,"I"
"16598","Sol_MHCIex2_157",1,"I"
"16598","Sol_MHCIex2_171",1,"I"
"16598","Sol_MHCIex2_173",1,"I"
"16599","Sol_MHCIex2_022",1,"I"
"16599","Sol_MHCIex2_011",1,"I"
"16599","Sol_MHCIex2_069",1,"I"
"16600","Sol_MHCIex2_040",1,"I"
"16600","Sol_MHCIex2_070",1,"I"
"16600","Sol_MHCIex2_129",1,"I"
"16600","Sol_MHCIex2_162",1,"I"
"16600","Sol_MHCIex2_164",1,"I"
"16600","Sol_MHCIex2_163",1,"I"
"16600","Sol_MHCIex2_184",1,"I"
"16600","Sol_MHCIex2_159",1,"I"
"16600","Sol_MHCIex2_158",1,"I"
"16600","Sol_MHCIex2_161",1,"I"
"16600","Sol_MHCIex2_165",1,"I"
"16601","Sol_MHCIex2_003",1,"I"
"16601","Sol_MHCIex2_009",1,"I"
"16601","Sol_MHCIex2_032",1,"I"
"16601","Sol_MHCIex2_012",1,"I"
"16601","Sol_MHCIex2_033",1,"I"
"16602","Sol_MHCIex2_003",1,"I"
"16602","Sol_MHCIex2_009",1,"I"
"16602","Sol_MHCIex2_122",1,"I"
"16602","Sol_MHCIex2_114",1,"I"
"16603","Sol_MHCIex2_003",1,"I"
"16603","Sol_MHCIex2_114",1,"I"
"16603","Sol_MHCIex2_156",1,"I"
"16604","Sol_MHCIex2_026",1,"I"
"16604","Sol_MHCIex2_025",1,"I"
"16604","Sol_MHCIex2_081",1,"I"
"16604","Sol_MHCIex2_116",1,"I"
"16605","Sol_MHCIex2_002",1,"I"
"16605","Sol_MHCIex2_032",1,"I"
"16605","Sol_MHCIex2_053",1,"I"
"16605","Sol_MHCIex2_112",1,"I"
"16606","Sol_MHCIex2_009",1,"I"
"16606","Sol_MHCIex2_032",1,"I"
"16606","Sol_MHCIex2_019",1,"I"
"16606","Sol_MHCIex2_026",1,"I"
"16607","Sol_MHCIex2_009",1,"I"
"16607","Sol_MHCIex2_026",1,"I"
"16608","Sol_MHCIex2_022",1,"I"
"16608","Sol_MHCIex2_068",1,"I"
"16608","Sol_MHCIex2_100",1,"I"
"16609","Sol_MHCIex2_009",1,"I"
"16609","Sol_MHCIex2_022",1,"I"
"16609","Sol_MHCIex2_026",1,"I"
"16609","Sol_MHCIex2_085",1,"I"
"16627","Sol_MHCIex2_002",1,"I"
"16627","Sol_MHCIex2_009",1,"I"
"16627","Sol_MHCIex2_074",1,"I"
"16627","Sol_MHCIex2_102",1,"I"
"16628","Sol_MHCIex2_003",1,"I"
"16628","Sol_MHCIex2_022",1,"I"
"16628","Sol_MHCIex2_011",1,"I"
"16628","Sol_MHCIex2_019",1,"I"
"16628","Sol_MHCIex2_017",1,"I"
"16628","Sol_MHCIex2_023",1,"I"
"16629","Sol_MHCIex2_009",1,"I"
"16629","Sol_MHCIex2_001",1,"I"
"16629","Sol_MHCIex2_020",1,"I"
"16629","Sol_MHCIex2_016",1,"I"
"16629","Sol_MHCIex2_015",1,"I"
"16629","Sol_MHCIex2_019",1,"I"
"16629","Sol_MHCIex2_048",1,"I"
"16630","Sol_MHCIex2_003",1,"I"
"16630","Sol_MHCIex2_022",1,"I"
"16630","Sol_MHCIex2_019",1,"I"
"16630","Sol_MHCIex2_017",1,"I"
"16630","Sol_MHCIex2_023",1,"I"
"16630","Sol_MHCIex2_150",1,"I"
"16631","Sol_MHCIex2_001",1,"I"
"16631","Sol_MHCIex2_020",1,"I"
"16631","Sol_MHCIex2_022",1,"I"
"16631","Sol_MHCIex2_019",1,"I"
"16631","Sol_MHCIex2_017",1,"I"
"16631","Sol_MHCIex2_030",1,"I"
"16631","Sol_MHCIex2_045",1,"I"
"16631","Sol_MHCIex2_193",1,"I"
"16632","Sol_MHCIex2_022",1,"I"
"16632","Sol_MHCIex2_017",1,"I"
"16632","Sol_MHCIex2_034",1,"I"
"16632","Sol_MHCIex2_043",1,"I"
"16632","Sol_MHCIex2_090",1,"I"
"16636","Sol_MHCIex2_011",1,"I"
"16636","Sol_MHCIex2_014",1,"I"
"16636","Sol_MHCIex2_025",1,"I"
"16636","Sol_MHCIex2_113",1,"I"
"16637","Sol_MHCIex2_003",1,"I"
"16637","Sol_MHCIex2_009",1,"I"
"16637","Sol_MHCIex2_036",1,"I"
"16637","Sol_MHCIex2_091",1,"I"
"16638","Sol_MHCIex2_022",1,"I"
"16638","Sol_MHCIex2_017",1,"I"
"16638","Sol_MHCIex2_045",1,"I"
"16639","Sol_MHCIex2_009",1,"I"
"16639","Sol_MHCIex2_020",1,"I"
"16639","Sol_MHCIex2_011",1,"I"
"16639","Sol_MHCIex2_017",1,"I"
"16639","Sol_MHCIex2_058",1,"I"
"16640","Sol_MHCIex2_002",1,"I"
"16640","Sol_MHCIex2_009",1,"I"
"16640","Sol_MHCIex2_044",1,"I"
"16640","Sol_MHCIex2_059",1,"I"
"16640","Sol_MHCIex2_056",1,"I"
"16641","Sol_MHCIex2_020",1,"I"
"16641","Sol_MHCIex2_019",1,"I"
"16641","Sol_MHCIex2_028",1,"I"
"16641","Sol_MHCIex2_034",1,"I"
"16641","Sol_MHCIex2_025",1,"I"
"16641","Sol_MHCIex2_030",1,"I"
"16641","Sol_MHCIex2_061",1,"I"
"16642","Sol_MHCIex2_002",1,"I"
"16642","Sol_MHCIex2_015",1,"I"
"16642","Sol_MHCIex2_013",1,"I"
"16642","Sol_MHCIex2_053",1,"I"
"16643","Sol_MHCIex2_003",1,"I"
"16643","Sol_MHCIex2_020",1,"I"
"16643","Sol_MHCIex2_022",1,"I"
"16643","Sol_MHCIex2_016",1,"I"
"16643","Sol_MHCIex2_017",1,"I"
"16643","Sol_MHCIex2_052",1,"I"
"16643","Sol_MHCIex2_041",1,"I"
"16643","Sol_MHCIex2_174",1,"I"
"16644","Sol_MHCIex2_009",1,"I"
"16644","Sol_MHCIex2_019",1,"I"
"16644","Sol_MHCIex2_028",1,"I"
"16644","Sol_MHCIex2_033",1,"I"
"16645","Sol_MHCIex2_009",1,"I"
"16645","Sol_MHCIex2_023",1,"I"
"16645","Sol_MHCIex2_036",1,"I"
"16645","Sol_MHCIex2_052",1,"I"
"16646","Sol_MHCIex2_009",1,"I"
"16646","Sol_MHCIex2_020",1,"I"
"16646","Sol_MHCIex2_016",1,"I"
"16646","Sol_MHCIex2_014",1,"I"
"16646","Sol_MHCIex2_027",1,"I"
"16646","Sol_MHCIex2_107",1,"I"
"16647","Sol_MHCIex2_009",1,"I"
"16647","Sol_MHCIex2_014",1,"I"
"16647","Sol_MHCIex2_019",1,"I"
"16647","Sol_MHCIex2_027",1,"I"
"16647","Sol_MHCIex2_043",1,"I"
"16648","Sol_MHCIex2_003",1,"I"
"16648","Sol_MHCIex2_045",1,"I"
"16649","Sol_MHCIex2_040",1,"I"
"16649","Sol_MHCIex2_092",1,"I"
"16649","Sol_MHCIex2_073",1,"I"
"16649","Sol_MHCIex2_131",1,"I"
"16649","Sol_MHCIex2_190",1,"I"
"16649","Sol_MHCIex2_194",1,"I"
"16649","Sol_MHCIex2_195",1,"I"
"16649","Sol_MHCIex2_196",1,"I"
"16649","Sol_MHCIex2_189",1,"I"
"16649","Sol_MHCIex2_191",1,"I"
"16649","Sol_MHCIex2_197",1,"I"
"16649","Sol_MHCIex2_198",1,"I"
"16649","Sol_MHCIex2_199",1,"I"
"16671","Sol_MHCIex2_003",1,"I"
"16671","Sol_MHCIex2_009",1,"I"
"16671","Sol_MHCIex2_039",1,"I"
"16671","Sol_MHCIex2_041",1,"I"
"16671","Sol_MHCIex2_076",1,"I"
"16672","Sol_MHCIex2_009",1,"I"
"16672","Sol_MHCIex2_020",1,"I"
"16672","Sol_MHCIex2_014",1,"I"
"16672","Sol_MHCIex2_039",1,"I"
"16672","Sol_MHCIex2_076",1,"I"
"16673","Sol_MHCIex2_032",1,"I"
"16673","Sol_MHCIex2_033",1,"I"
"16673","Sol_MHCIex2_079",1,"I"
"16674","Sol_MHCIex2_079",1,"I"
"16675","Sol_MHCIex2_003",1,"I"
"16675","Sol_MHCIex2_009",1,"I"
"16675","Sol_MHCIex2_016",1,"I"
"16675","Sol_MHCIex2_026",1,"I"
"16675","Sol_MHCIex2_052",1,"I"
"16675","Sol_MHCIex2_041",1,"I"
"16676","Sol_MHCIex2_003",1,"I"
"16676","Sol_MHCIex2_019",1,"I"
"16676","Sol_MHCIex2_047",1,"I"
"16676","Sol_MHCIex2_097",1,"I"
"16677","Sol_MHCIex2_009",1,"I"
"16677","Sol_MHCIex2_019",1,"I"
"16677","Sol_MHCIex2_025",1,"I"
"16677","Sol_MHCIex2_043",1,"I"
"16677","Sol_MHCIex2_061",1,"I"
"16678","Sol_MHCIex2_032",1,"I"
"16678","Sol_MHCIex2_033",1,"I"
"16679","Sol_MHCIex2_002",1,"I"
"16679","Sol_MHCIex2_115",1,"I"
"16680","Sol_MHCIex2_014",1,"I"
"16680","Sol_MHCIex2_027",1,"I"
"16680","Sol_MHCIex2_047",1,"I"
"16681","Sol_MHCIex2_026",1,"I"
"16681","Sol_MHCIex2_119",1,"I"
"16682","Sol_MHCIex2_022",1,"I"
"16682","Sol_MHCIex2_016",1,"I"
"16682","Sol_MHCIex2_036",1,"I"
"16682","Sol_MHCIex2_069",1,"I"
"16682","Sol_MHCIex2_098",1,"I"
"16683","Sol_MHCIex2_003",1,"I"
"16683","Sol_MHCIex2_002",1,"I"
"16683","Sol_MHCIex2_009",1,"I"
"16683","Sol_MHCIex2_020",1,"I"
"16683","Sol_MHCIex2_016",1,"I"
"16683","Sol_MHCIex2_023",1,"I"
"16683","Sol_MHCIex2_064",1,"I"
"16684","Sol_MHCIex2_009",1,"I"
"16684","Sol_MHCIex2_032",1,"I"
"16684","Sol_MHCIex2_033",1,"I"
"16684","Sol_MHCIex2_044",1,"I"
"16684","Sol_MHCIex2_059",1,"I"
"16684","Sol_MHCIex2_056",1,"I"
"16685","Sol_MHCIex2_023",1,"I"
"16685","Sol_MHCIex2_049",1,"I"
"16686","Sol_MHCIex2_015",1,"I"
"16686","Sol_MHCIex2_019",1,"I"
"16686","Sol_MHCIex2_028",1,"I"
"16686","Sol_MHCIex2_013",1,"I"
"16686","Sol_MHCIex2_053",1,"I"
"16687","Sol_MHCIex2_002",1,"I"
"16688","Sol_MHCIex2_003",1,"I"
"16688","Sol_MHCIex2_002",1,"I"
"16688","Sol_MHCIex2_009",1,"I"
"16688","Sol_MHCIex2_034",1,"I"
"16688","Sol_MHCIex2_064",1,"I"
"16688","Sol_MHCIex2_075",1,"I"
"16689","Sol_MHCIex2_003",1,"I"
"16689","Sol_MHCIex2_002",1,"I"
"16689","Sol_MHCIex2_020",1,"I"
"16689","Sol_MHCIex2_033",1,"I"
"16689","Sol_MHCIex2_052",1,"I"
"16690","Sol_MHCIex2_001",1,"I"
"16690","Sol_MHCIex2_015",1,"I"
"16690","Sol_MHCIex2_030",1,"I"
"16690","Sol_MHCIex2_077",1,"I"
"16690","Sol_MHCIex2_192",1,"I"
"16709","Sol_MHCIex2_001",1,"I"
"16709","Sol_MHCIex2_011",1,"I"
"16709","Sol_MHCIex2_026",1,"I"
"16710","Sol_MHCIex2_003",1,"I"
"16710","Sol_MHCIex2_002",1,"I"
"16710","Sol_MHCIex2_001",1,"I"
"16710","Sol_MHCIex2_016",1,"I"
"16710","Sol_MHCIex2_089",1,"I"
"16712","Sol_MHCIex2_003",1,"I"
"16712","Sol_MHCIex2_014",1,"I"
"16712","Sol_MHCIex2_025",1,"I"
"16713","Sol_MHCIex2_009",1,"I"
"16713","Sol_MHCIex2_020",1,"I"
"16713","Sol_MHCIex2_016",1,"I"
"16713","Sol_MHCIex2_049",1,"I"
"16713","Sol_MHCIex2_041",1,"I"
"16714","Sol_MHCIex2_014",1,"I"
"16714","Sol_MHCIex2_034",1,"I"
"16714","Sol_MHCIex2_027",1,"I"
"16714","Sol_MHCIex2_030",1,"I"
"16714","Sol_MHCIex2_064",1,"I"
"16714","Sol_MHCIex2_099",1,"I"
"16715","Sol_MHCIex2_014",1,"I"
"16715","Sol_MHCIex2_034",1,"I"
"16715","Sol_MHCIex2_027",1,"I"
"16715","Sol_MHCIex2_030",1,"I"
"16715","Sol_MHCIex2_064",1,"I"
"16715","Sol_MHCIex2_099",1,"I"
"16715","Sol_MHCIex2_103",1,"I"
"16716","Sol_MHCIex2_003",1,"I"
"16716","Sol_MHCIex2_023",1,"I"
"16716","Sol_MHCIex2_105",1,"I"
"16717","Sol_MHCIex2_011",1,"I"
"16717","Sol_MHCIex2_036",1,"I"
"16717","Sol_MHCIex2_098",1,"I"
"16717","Sol_MHCIex2_120",1,"I"
"16718","Sol_MHCIex2_003",1,"I"
"16718","Sol_MHCIex2_019",1,"I"
"16718","Sol_MHCIex2_047",1,"I"
"16720","Sol_MHCIex2_106",1,"I"
"16720","Sol_MHCIex2_117",1,"I"
"16720","Sol_MHCIex2_167",1,"I"
"16720","Sol_MHCIex2_172",1,"I"
"16720","Sol_MHCIex2_175",1,"I"
"16720","Sol_MHCIex2_176",1,"I"
"16720","Sol_MHCIex2_178",1,"I"
"16573","Sol_MHCIex2_005",1,"I"
"16573","Sol_MHCIex2_015",1,"I"
"16573","Sol_MHCIex2_035",1,"I"
"16573","Sol_MHCIex2_054",1,"I"
"16573","Sol_MHCIex2_057",1,"I"
"16574","Sol_MHCIex2_004",1,"I"
"16574","Sol_MHCIex2_002",1,"I"
"16575","Sol_MHCIex2_005",1,"I"
"16575","Sol_MHCIex2_001",1,"I"
"16575","Sol_MHCIex2_015",1,"I"
"16575","Sol_MHCIex2_054",1,"I"
"16575","Sol_MHCIex2_051",1,"I"
"16576","Sol_MHCIex2_040",1,"I"
"16576","Sol_MHCIex2_080",1,"I"
"16576","Sol_MHCIex2_124",1,"I"
"16576","Sol_MHCIex2_154",1,"I"
"16576","Sol_MHCIex2_094",1,"I"
"16576","Sol_MHCIex2_093",1,"I"
"16576","Sol_MHCIex2_096",1,"I"
"16576","Sol_MHCIex2_084",1,"I"
"16576","Sol_MHCIex2_095",1,"I"
"16576","Sol_MHCIex2_123",1,"I"
"16576","Sol_MHCIex2_128",1,"I"
"16576","Sol_MHCIex2_188",1,"I"
"16577","Sol_MHCIex2_002",1,"I"
"16577","Sol_MHCIex2_015",1,"I"
"16577","Sol_MHCIex2_029",1,"I"
"16578","Sol_MHCIex2_001",1,"I"
"16578","Sol_MHCIex2_015",1,"I"
"16578","Sol_MHCIex2_013",1,"I"
"16578","Sol_MHCIex2_029",1,"I"
"16578","Sol_MHCIex2_051",1,"I"
"16579","Sol_MHCIex2_005",1,"I"
"16579","Sol_MHCIex2_001",1,"I"
"16579","Sol_MHCIex2_007",1,"I"
"16579","Sol_MHCIex2_012",1,"I"
"16579","Sol_MHCIex2_050",1,"I"
"16580","Sol_MHCIex2_004",1,"I"
"16580","Sol_MHCIex2_008",1,"I"
"16581","Sol_MHCIex2_001",1,"I"
"16581","Sol_MHCIex2_006",1,"I"
"16581","Sol_MHCIex2_018",1,"I"
"16581","Sol_MHCIex2_025",1,"I"
"16581","Sol_MHCIex2_072",1,"I"
"16583","Sol_MHCIex2_060",1,"I"
"16583","Sol_MHCIex2_065",1,"I"
"16583","Sol_MHCIex2_071",1,"I"
"16583","Sol_MHCIex2_132",1,"I"
"16572d","Sol_MHCIex2_002",1,"I"
"16572d","Sol_MHCIex2_022",1,"I"
"16572d","Sol_MHCIex2_016",1,"I"
"16572d","Sol_MHCIex2_068",1,"I"
"16636d","Sol_MHCIex2_011",1,"I"
"16636d","Sol_MHCIex2_014",1,"I"
"16636d","Sol_MHCIex2_025",1,"I"
"16636d","Sol_MHCIex2_113",1,"I"
"16683d","Sol_MHCIex2_003",1,"I"
"16683d","Sol_MHCIex2_002",1,"I"
"16683d","Sol_MHCIex2_009",1,"I"
"16683d","Sol_MHCIex2_020",1,"I"
"16683d","Sol_MHCIex2_016",1,"I"
"16683d","Sol_MHCIex2_023",1,"I"
"16683d","Sol_MHCIex2_064",1,"I"
"16714d","Sol_MHCIex2_014",1,"I"
"16714d","Sol_MHCIex2_034",1,"I"
"16714d","Sol_MHCIex2_027",1,"I"
"16714d","Sol_MHCIex2_030",1,"I"
"16714d","Sol_MHCIex2_064",1,"I"
"16714d","Sol_MHCIex2_099",1,"I"
"16584","Sol_MHCIex2_006",1,"I"
"16584","Sol_MHCIex2_018",1,"I"
"16584","Sol_MHCIex2_025",1,"I"
"16584","Sol_MHCIex2_065",1,"I"
"16584","Sol_MHCIex2_071",1,"I"
"16585","Sol_MHCIex2_039",1,"I"
"16585","Sol_MHCIex2_060",1,"I"
"16585","Sol_MHCIex2_042",1,"I"
"16585","Sol_MHCIex2_063",1,"I"
"16585","Sol_MHCIex2_066",1,"I"
"16585","Sol_MHCIex2_067",1,"I"
"16586","Sol_MHCIex2_018",1,"I"
"16586","Sol_MHCIex2_025",1,"I"
"16586","Sol_MHCIex2_039",1,"I"
"16586","Sol_MHCIex2_042",1,"I"
"16586","Sol_MHCIex2_066",1,"I"
"16586","Sol_MHCIex2_067",1,"I"
"16587","Sol_MHCIex2_004",1,"I"
"16587","Sol_MHCIex2_002",1,"I"
"16588","Sol_MHCIex2_004",1,"I"
"16588","Sol_MHCIex2_008",1,"I"
"16588","Sol_MHCIex2_029",1,"I"
"16588","Sol_MHCIex2_108",1,"I"
"16588","Sol_MHCIex2_126",1,"I"
"16589","Sol_MHCIex2_005",1,"I"
"16589","Sol_MHCIex2_006",1,"I"
"16589","Sol_MHCIex2_010",1,"I"
"16589","Sol_MHCIex2_012",1,"I"
"16589","Sol_MHCIex2_024",1,"I"
"16590","Sol_MHCIex2_001",1,"I"
"16590","Sol_MHCIex2_007",1,"I"
"16590","Sol_MHCIex2_015",1,"I"
"16590","Sol_MHCIex2_054",1,"I"
"16591","Sol_MHCIex2_004",1,"I"
"16591","Sol_MHCIex2_005",1,"I"
"16591","Sol_MHCIex2_006",1,"I"
"16591","Sol_MHCIex2_010",1,"I"
"16591","Sol_MHCIex2_021",1,"I"
"16592","Sol_MHCIex2_005",1,"I"
"16592","Sol_MHCIex2_001",1,"I"
"16592","Sol_MHCIex2_006",1,"I"
"16592","Sol_MHCIex2_010",1,"I"
"16592","Sol_MHCIex2_007",1,"I"
"16592","Sol_MHCIex2_012",1,"I"
"16593","Sol_MHCIex2_004",1,"I"
"16593","Sol_MHCIex2_005",1,"I"
"16593","Sol_MHCIex2_006",1,"I"
"16593","Sol_MHCIex2_010",1,"I"
"16593","Sol_MHCIex2_021",1,"I"
"16594","Sol_MHCIex2_004",1,"I"
"16594","Sol_MHCIex2_005",1,"I"
"16594","Sol_MHCIex2_006",1,"I"
"16594","Sol_MHCIex2_010",1,"I"
"16594","Sol_MHCIex2_021",1,"I"
"16611","Sol_MHCIex2_004",1,"I"
"16611","Sol_MHCIex2_008",1,"I"
"16611","Sol_MHCIex2_015",1,"I"
"16611","Sol_MHCIex2_013",1,"I"
"16611","Sol_MHCIex2_029",1,"I"
"16612","Sol_MHCIex2_048",1,"I"
"16612","Sol_MHCIex2_077",1,"I"
"16612","Sol_MHCIex2_063",1,"I"
"16612","Sol_MHCIex2_062",1,"I"
"16612","Sol_MHCIex2_104",1,"I"
"16612","Sol_MHCIex2_109",1,"I"
"16613","Sol_MHCIex2_001",1,"I"
"16613","Sol_MHCIex2_018",1,"I"
"16613","Sol_MHCIex2_048",1,"I"
"16613","Sol_MHCIex2_062",1,"I"
"16614","Sol_MHCIex2_060",1,"I"
"16614","Sol_MHCIex2_072",1,"I"
"16614","Sol_MHCIex2_042",1,"I"
"16614","Sol_MHCIex2_063",1,"I"
"16614","Sol_MHCIex2_111",1,"I"
"16614","Sol_MHCIex2_121",1,"I"
"16617","Sol_MHCIex2_028",1,"I"
"16617","Sol_MHCIex2_018",1,"I"
"16617","Sol_MHCIex2_038",1,"I"
"16617","Sol_MHCIex2_031",1,"I"
"16617","Sol_MHCIex2_046",1,"I"
"16618","Sol_MHCIex2_004",1,"I"
"16618","Sol_MHCIex2_005",1,"I"
"16618","Sol_MHCIex2_006",1,"I"
"16618","Sol_MHCIex2_010",1,"I"
"16618","Sol_MHCIex2_021",1,"I"
"16619","Sol_MHCIex2_004",1,"I"
"16619","Sol_MHCIex2_005",1,"I"
"16619","Sol_MHCIex2_006",1,"I"
"16619","Sol_MHCIex2_010",1,"I"
"16619","Sol_MHCIex2_021",1,"I"
"16620","Sol_MHCIex2_004",1,"I"
"16620","Sol_MHCIex2_008",1,"I"
"16620","Sol_MHCIex2_001",1,"I"
"16620","Sol_MHCIex2_007",1,"I"
"16621","Sol_MHCIex2_005",1,"I"
"16621","Sol_MHCIex2_001",1,"I"
"16621","Sol_MHCIex2_006",1,"I"
"16621","Sol_MHCIex2_010",1,"I"
"16621","Sol_MHCIex2_007",1,"I"
"16621","Sol_MHCIex2_012",1,"I"
"16622","Sol_MHCIex2_005",1,"I"
"16622","Sol_MHCIex2_001",1,"I"
"16622","Sol_MHCIex2_006",1,"I"
"16622","Sol_MHCIex2_010",1,"I"
"16622","Sol_MHCIex2_007",1,"I"
"16622","Sol_MHCIex2_012",1,"I"
"16623","Sol_MHCIex2_028",1,"I"
"16623","Sol_MHCIex2_018",1,"I"
"16623","Sol_MHCIex2_038",1,"I"
"16623","Sol_MHCIex2_031",1,"I"
"16623","Sol_MHCIex2_046",1,"I"
"16624","Sol_MHCIex2_004",1,"I"
"16624","Sol_MHCIex2_005",1,"I"
"16624","Sol_MHCIex2_006",1,"I"
"16624","Sol_MHCIex2_010",1,"I"
"16624","Sol_MHCIex2_021",1,"I"
"16625","Sol_MHCIex2_028",1,"I"
"16625","Sol_MHCIex2_018",1,"I"
"16625","Sol_MHCIex2_038",1,"I"
"16625","Sol_MHCIex2_031",1,"I"
"16625","Sol_MHCIex2_046",1,"I"
"16626","Sol_MHCIex2_004",1,"I"
"16626","Sol_MHCIex2_005",1,"I"
"16626","Sol_MHCIex2_006",1,"I"
"16626","Sol_MHCIex2_010",1,"I"
"16626","Sol_MHCIex2_021",1,"I"
"16650","Sol_MHCIex2_004",1,"I"
"16650","Sol_MHCIex2_008",1,"I"
"16650","Sol_MHCIex2_001",1,"I"
"16650","Sol_MHCIex2_007",1,"I"
"16651","Sol_MHCIex2_004",1,"I"
"16651","Sol_MHCIex2_008",1,"I"
"16651","Sol_MHCIex2_001",1,"I"
"16651","Sol_MHCIex2_007",1,"I"
"16652","Sol_MHCIex2_004",1,"I"
"16652","Sol_MHCIex2_008",1,"I"
"16652","Sol_MHCIex2_001",1,"I"
"16652","Sol_MHCIex2_007",1,"I"
"16653","Sol_MHCIex2_003",1,"I"
"16653","Sol_MHCIex2_005",1,"I"
"16653","Sol_MHCIex2_006",1,"I"
"16653","Sol_MHCIex2_010",1,"I"
"16653","Sol_MHCIex2_022",1,"I"
"16653","Sol_MHCIex2_012",1,"I"
"16653","Sol_MHCIex2_037",1,"I"
"16654","Sol_MHCIex2_003",1,"I"
"16654","Sol_MHCIex2_005",1,"I"
"16654","Sol_MHCIex2_006",1,"I"
"16654","Sol_MHCIex2_010",1,"I"
"16654","Sol_MHCIex2_022",1,"I"
"16654","Sol_MHCIex2_012",1,"I"
"16654","Sol_MHCIex2_037",1,"I"
"16655","Sol_MHCIex2_003",1,"I"
"16655","Sol_MHCIex2_005",1,"I"
"16655","Sol_MHCIex2_006",1,"I"
"16655","Sol_MHCIex2_010",1,"I"
"16655","Sol_MHCIex2_022",1,"I"
"16655","Sol_MHCIex2_012",1,"I"
"16655","Sol_MHCIex2_037",1,"I"
"16656","Sol_MHCIex2_003",1,"I"
"16656","Sol_MHCIex2_005",1,"I"
"16656","Sol_MHCIex2_006",1,"I"
"16656","Sol_MHCIex2_010",1,"I"
"16656","Sol_MHCIex2_022",1,"I"
"16656","Sol_MHCIex2_012",1,"I"
"16656","Sol_MHCIex2_037",1,"I"
"16657","Sol_MHCIex2_001",1,"I"
"16657","Sol_MHCIex2_007",1,"I"
"16657","Sol_MHCIex2_024",1,"I"
"16658","Sol_MHCIex2_001",1,"I"
"16658","Sol_MHCIex2_007",1,"I"
"16658","Sol_MHCIex2_024",1,"I"
"16721","Sol_MHCIex2_001",1,"I"
"16721","Sol_MHCIex2_013",1,"I"
"16721","Sol_MHCIex2_024",1,"I"
"16721","Sol_MHCIex2_065",1,"I"
"16721","Sol_MHCIex2_055",1,"I"
"16721","Sol_MHCIex2_125",1,"I"
"16723","Sol_MHCIex2_005",1,"I"
"16723","Sol_MHCIex2_006",1,"I"
"16723","Sol_MHCIex2_010",1,"I"
"16723","Sol_MHCIex2_021",1,"I"
"16723","Sol_MHCIex2_018",1,"I"
"16723","Sol_MHCIex2_038",1,"I"
"16723","Sol_MHCIex2_031",1,"I"
"16724","Sol_MHCIex2_002",1,"I"
"16724","Sol_MHCIex2_018",1,"I"
"16724","Sol_MHCIex2_038",1,"I"
"16724","Sol_MHCIex2_031",1,"I"
"16725","Sol_MHCIex2_002",1,"I"
"16725","Sol_MHCIex2_001",1,"I"
"16725","Sol_MHCIex2_007",1,"I"
"16726","Sol_MHCIex2_004",1,"I"
"16726","Sol_MHCIex2_002",1,"I"
"16727","Sol_MHCIex2_004",1,"I"
"16727","Sol_MHCIex2_002",1,"I"
"16727","Sol_MHCIex2_008",1,"I"
"16728","Sol_MHCIex2_004",1,"I"
"16728","Sol_MHCIex2_001",1,"I"
"16728","Sol_MHCIex2_007",1,"I"
"16729","Sol_MHCIex2_004",1,"I"
"16729","Sol_MHCIex2_023",1,"I"
"16729","Sol_MHCIex2_039",1,"I"
"16729","Sol_MHCIex2_042",1,"I"
"16729","Sol_MHCIex2_078",1,"I"
"16729","Sol_MHCIex2_086",1,"I"
"16730","Sol_MHCIex2_004",1,"I"
"16730","Sol_MHCIex2_008",1,"I"
"16730","Sol_MHCIex2_024",1,"I"
"16731","Sol_MHCIex2_001",1,"I"
"16731","Sol_MHCIex2_015",1,"I"
"16731","Sol_MHCIex2_012",1,"I"
"16731","Sol_MHCIex2_013",1,"I"
"16731","Sol_MHCIex2_029",1,"I"
"16732","Sol_MHCIex2_001",1,"I"
"16732","Sol_MHCIex2_010",1,"I"
"16732","Sol_MHCIex2_007",1,"I"
"16732","Sol_MHCIex2_021",1,"I"
"16733","Sol_MHCIex2_004",1,"I"
"16733","Sol_MHCIex2_005",1,"I"
"16733","Sol_MHCIex2_006",1,"I"
"16733","Sol_MHCIex2_010",1,"I"
"16733","Sol_MHCIex2_012",1,"I"
"16734","Sol_MHCIex2_004",1,"I"
"16734","Sol_MHCIex2_008",1,"I"
"16735","Sol_MHCIex2_004",1,"I"
"16735","Sol_MHCIex2_008",1,"I"
"16735","Sol_MHCIex2_014",1,"I"
"16735","Sol_MHCIex2_027",1,"I"
"16736","Sol_MHCIex2_004",1,"I"
"16736","Sol_MHCIex2_008",1,"I"
"16736","Sol_MHCIex2_011",1,"I"
"16736","Sol_MHCIex2_035",1,"I"
"16737","Sol_MHCIex2_004",1,"I"
"16737","Sol_MHCIex2_008",1,"I"
"16737","Sol_MHCIex2_015",1,"I"
"16737","Sol_MHCIex2_013",1,"I"
"16737","Sol_MHCIex2_029",1,"I"
"16659","Sol_MHCIex2_022",1,"I"
"16659","Sol_MHCIex2_032",1,"I"
"16659","Sol_MHCIex2_033",1,"I"
"16659","Sol_MHCIex2_138",1,"I"
"16660","Sol_MHCIex2_009",1,"I"
"16660","Sol_MHCIex2_001",1,"I"
"16660","Sol_MHCIex2_016",1,"I"
"16660","Sol_MHCIex2_015",1,"I"
"16660","Sol_MHCIex2_044",1,"I"
"16660","Sol_MHCIex2_059",1,"I"
"16660","Sol_MHCIex2_077",1,"I"
"16660","Sol_MHCIex2_056",1,"I"
"16661","Sol_MHCIex2_005",1,"I"
"16661","Sol_MHCIex2_006",1,"I"
"16661","Sol_MHCIex2_010",1,"I"
"16661","Sol_MHCIex2_012",1,"I"
"16661","Sol_MHCIex2_018",1,"I"
"16661","Sol_MHCIex2_038",1,"I"
"16661","Sol_MHCIex2_031",1,"I"
"16662","Sol_MHCIex2_004",1,"I"
"16662","Sol_MHCIex2_005",1,"I"
"16662","Sol_MHCIex2_008",1,"I"
"16662","Sol_MHCIex2_006",1,"I"
"16662","Sol_MHCIex2_010",1,"I"
"16662","Sol_MHCIex2_021",1,"I"
"16663","Sol_MHCIex2_007",1,"I"
"16663","Sol_MHCIex2_011",1,"I"
"16663","Sol_MHCIex2_017",1,"I"
"16663","Sol_MHCIex2_035",1,"I"
"16664","Sol_MHCIex2_004",1,"I"
"16664","Sol_MHCIex2_001",1,"I"
"16664","Sol_MHCIex2_051",1,"I"
"16665","Sol_MHCIex2_001",1,"I"
"16665","Sol_MHCIex2_007",1,"I"
"16665","Sol_MHCIex2_030",1,"I"
"16665","Sol_MHCIex2_029",1,"I"
"16665","Sol_MHCIex2_037",1,"I"
"16666","Sol_MHCIex2_004",1,"I"
"16666","Sol_MHCIex2_007",1,"I"
"16666","Sol_MHCIex2_030",1,"I"
"16667","Sol_MHCIex2_004",1,"I"
"16667","Sol_MHCIex2_008",1,"I"
"16667","Sol_MHCIex2_015",1,"I"
"16667","Sol_MHCIex2_013",1,"I"
"16667","Sol_MHCIex2_029",1,"I"
"16669","Sol_MHCIex2_001",1,"I"
"16669","Sol_MHCIex2_030",1,"I"
"16669","Sol_MHCIex2_024",1,"I"
"16670","Sol_MHCIex2_004",1,"I"
"16691","Sol_MHCIex2_001",1,"I"
"16691","Sol_MHCIex2_013",1,"I"
"16691","Sol_MHCIex2_024",1,"I"
"16691","Sol_MHCIex2_055",1,"I"
"16691","Sol_MHCIex2_125",1,"I"
"16692","Sol_MHCIex2_004",1,"I"
"16692","Sol_MHCIex2_008",1,"I"
"16693","Sol_MHCIex2_015",1,"I"
"16693","Sol_MHCIex2_014",1,"I"
"16693","Sol_MHCIex2_027",1,"I"
"16693","Sol_MHCIex2_013",1,"I"
"16693","Sol_MHCIex2_030",1,"I"
"16693","Sol_MHCIex2_037",1,"I"
"16694","Sol_MHCIex2_004",1,"I"
"16694","Sol_MHCIex2_011",1,"I"
"16694","Sol_MHCIex2_024",1,"I"
"16695","Sol_MHCIex2_011",1,"I"
"16695","Sol_MHCIex2_035",1,"I"
"16695","Sol_MHCIex2_057",1,"I"
"16696","Sol_MHCIex2_002",1,"I"
"16696","Sol_MHCIex2_017",1,"I"
"16696","Sol_MHCIex2_049",1,"I"
"16697","Sol_MHCIex2_005",1,"I"
"16697","Sol_MHCIex2_009",1,"I"
"16697","Sol_MHCIex2_006",1,"I"
"16697","Sol_MHCIex2_010",1,"I"
"16697","Sol_MHCIex2_045",1,"I"
"16697","Sol_MHCIex2_050",1,"I"
"16697","Sol_MHCIex2_101",1,"I"
"16698","Sol_MHCIex2_004",1,"I"
"16698","Sol_MHCIex2_008",1,"I"
"16699","Sol_MHCIex2_070",1,"I"
"16699","Sol_MHCIex2_087",1,"I"
"16699","Sol_MHCIex2_083",1,"I"
"16699","Sol_MHCIex2_118",1,"I"
"16699","Sol_MHCIex2_088",1,"I"
"16699","Sol_MHCIex2_110",1,"I"
"16699","Sol_MHCIex2_152",1,"I"
"16700","Sol_MHCIex2_004",1,"I"
"16700","Sol_MHCIex2_008",1,"I"
"16700","Sol_MHCIex2_001",1,"I"
"16700","Sol_MHCIex2_007",1,"I"
"16701","Sol_MHCIex2_004",1,"I"
"16701","Sol_MHCIex2_018",1,"I"
"16701","Sol_MHCIex2_038",1,"I"
"16701","Sol_MHCIex2_031",1,"I"
"16702","Sol_MHCIex2_004",1,"I"
"16703","Sol_MHCIex2_003",1,"I"
"16703","Sol_MHCIex2_002",1,"I"
"16703","Sol_MHCIex2_022",1,"I"
"16703","Sol_MHCIex2_016",1,"I"
"16703","Sol_MHCIex2_015",1,"I"
"16703","Sol_MHCIex2_019",1,"I"
"16703","Sol_MHCIex2_151",1,"I"
"16704","Sol_MHCIex2_004",1,"I"
"16704","Sol_MHCIex2_024",1,"I"
"16705","Sol_MHCIex2_005",1,"I"
"16705","Sol_MHCIex2_006",1,"I"
"16705","Sol_MHCIex2_010",1,"I"
"16705","Sol_MHCIex2_007",1,"I"
"16705","Sol_MHCIex2_012",1,"I"
"16705","Sol_MHCIex2_058",1,"I"
"16706","Sol_MHCIex2_002",1,"I"
"16706","Sol_MHCIex2_009",1,"I"
"16706","Sol_MHCIex2_015",1,"I"
"16706","Sol_MHCIex2_017",1,"I"
"16707","Sol_MHCIex2_004",1,"I"
"16707","Sol_MHCIex2_001",1,"I"
"16707","Sol_MHCIex2_007",1,"I"
"16708","Sol_MHCIex2_002",1,"I"
"16708","Sol_MHCIex2_005",1,"I"
"16708","Sol_MHCIex2_006",1,"I"
"16708","Sol_MHCIex2_010",1,"I"
"16708","Sol_MHCIex2_012",1,"I"
"16587d","Sol_MHCIex2_004",1,"I"
"16587d","Sol_MHCIex2_002",1,"I"
"16653d","Sol_MHCIex2_003",1,"I"
"16653d","Sol_MHCIex2_005",1,"I"
"16653d","Sol_MHCIex2_006",1,"I"
"16653d","Sol_MHCIex2_010",1,"I"
"16653d","Sol_MHCIex2_022",1,"I"
"16653d","Sol_MHCIex2_012",1,"I"
"16653d","Sol_MHCIex2_037",1,"I"
"16733d","Sol_MHCIex2_004",1,"I"
"16733d","Sol_MHCIex2_005",1,"I"
"16733d","Sol_MHCIex2_006",1,"I"
"16733d","Sol_MHCIex2_010",1,"I"
"16733d","Sol_MHCIex2_012",1,"I"
"16703d","Sol_MHCIex2_003",1,"I"
"16703d","Sol_MHCIex2_002",1,"I"
"16703d","Sol_MHCIex2_022",1,"I"
"16703d","Sol_MHCIex2_016",1,"I"
"16703d","Sol_MHCIex2_015",1,"I"
"16703d","Sol_MHCIex2_019",1,"I"
"16703d","Sol_MHCIex2_151",1,"I"
"16563","Sol_MHCIIex2_017",1,"II"
"16563","Sol_MHCIIex2_041",1,"II"
"16563","Sol_MHCIIex2_046",1,"II"
"16563","Sol_MHCIIex2_111",1,"II"
"16564","Sol_MHCIIex2_041",1,"II"
"16564","Sol_MHCIIex2_102",1,"II"
"16564","Sol_MHCIIex2_105",1,"II"
"16565","Sol_MHCIIex2_049",1,"II"
"16565","Sol_MHCIIex2_050",1,"II"
"16566","Sol_MHCIIex2_014",1,"II"
"16566","Sol_MHCIIex2_022",1,"II"
"16567","Sol_MHCIIex2_022",1,"II"
"16568","Sol_MHCIIex2_014",1,"II"
"16568","Sol_MHCIIex2_022",1,"II"
"16569","Sol_MHCIIex2_014",1,"II"
"16569","Sol_MHCIIex2_049",1,"II"
"16570","Sol_MHCIIex2_050",1,"II"
"16570","Sol_MHCIIex2_101",1,"II"
"16570","Sol_MHCIIex2_114",1,"II"
"16571","Sol_MHCIIex2_014",1,"II"
"16571","Sol_MHCIIex2_022",1,"II"
"16572","Sol_MHCIIex2_017",1,"II"
"16572","Sol_MHCIIex2_022",1,"II"
"16595","Sol_MHCIIex2_008",1,"II"
"16595","Sol_MHCIIex2_015",1,"II"
"16595","Sol_MHCIIex2_020",1,"II"
"16595","Sol_MHCIIex2_024",1,"II"
"16596","Sol_MHCIIex2_029",1,"II"
"16596","Sol_MHCIIex2_047",1,"II"
"16596","Sol_MHCIIex2_108",1,"II"
"16597","Sol_MHCIIex2_029",1,"II"
"16597","Sol_MHCIIex2_045",1,"II"
"16597","Sol_MHCIIex2_100",1,"II"
"16597","Sol_MHCIIex2_103",1,"II"
"16598","Sol_MHCIIex2_029",1,"II"
"16598","Sol_MHCIIex2_045",1,"II"
"16598","Sol_MHCIIex2_051",1,"II"
"16598","Sol_MHCIIex2_113",1,"II"
"16599","Sol_MHCIIex2_008",1,"II"
"16599","Sol_MHCIIex2_024",1,"II"
"16600","Sol_MHCIIex2_029",1,"II"
"16600","Sol_MHCIIex2_047",1,"II"
"16600","Sol_MHCIIex2_051",1,"II"
"16600","Sol_MHCIIex2_068",1,"II"
"16601","Sol_MHCIIex2_008",1,"II"
"16601","Sol_MHCIIex2_019",1,"II"
"16601","Sol_MHCIIex2_025",1,"II"
"16602","Sol_MHCIIex2_014",1,"II"
"16602","Sol_MHCIIex2_022",1,"II"
"16603","Sol_MHCIIex2_017",1,"II"
"16603","Sol_MHCIIex2_041",1,"II"
"16603","Sol_MHCIIex2_046",1,"II"
"16604","Sol_MHCIIex2_017",1,"II"
"16604","Sol_MHCIIex2_034",1,"II"
"16604","Sol_MHCIIex2_046",1,"II"
"16605","Sol_MHCIIex2_003",1,"II"
"16605","Sol_MHCIIex2_017",1,"II"
"16605","Sol_MHCIIex2_034",1,"II"
"16605","Sol_MHCIIex2_064",1,"II"
"16605","Sol_MHCIIex2_085",1,"II"
"16606","Sol_MHCIIex2_017",1,"II"
"16606","Sol_MHCIIex2_022",1,"II"
"16606","Sol_MHCIIex2_034",1,"II"
"16607","Sol_MHCIIex2_017",1,"II"
"16607","Sol_MHCIIex2_034",1,"II"
"16607","Sol_MHCIIex2_041",1,"II"
"16608","Sol_MHCIIex2_017",1,"II"
"16608","Sol_MHCIIex2_022",1,"II"
"16608","Sol_MHCIIex2_064",1,"II"
"16608","Sol_MHCIIex2_112",1,"II"
"16609","Sol_MHCIIex2_014",1,"II"
"16609","Sol_MHCIIex2_022",1,"II"
"16627","Sol_MHCIIex2_001",1,"II"
"16627","Sol_MHCIIex2_008",1,"II"
"16627","Sol_MHCIIex2_018",1,"II"
"16627","Sol_MHCIIex2_062",1,"II"
"16628","Sol_MHCIIex2_024",1,"II"
"16628","Sol_MHCIIex2_081",1,"II"
"16629","Sol_MHCIIex2_026",1,"II"
"16629","Sol_MHCIIex2_037",1,"II"
"16630","Sol_MHCIIex2_014",1,"II"
"16630","Sol_MHCIIex2_003",1,"II"
"16630","Sol_MHCIIex2_020",1,"II"
"16630","Sol_MHCIIex2_024",1,"II"
"16631","Sol_MHCIIex2_008",1,"II"
"16631","Sol_MHCIIex2_017",1,"II"
"16631","Sol_MHCIIex2_024",1,"II"
"16632","Sol_MHCIIex2_014",1,"II"
"16632","Sol_MHCIIex2_020",1,"II"
"16632","Sol_MHCIIex2_021",1,"II"
"16636","Sol_MHCIIex2_014",1,"II"
"16636","Sol_MHCIIex2_017",1,"II"
"16636","Sol_MHCIIex2_021",1,"II"
"16637","Sol_MHCIIex2_001",1,"II"
"16637","Sol_MHCIIex2_008",1,"II"
"16637","Sol_MHCIIex2_023",1,"II"
"16638","Sol_MHCIIex2_008",1,"II"
"16638","Sol_MHCIIex2_014",1,"II"
"16638","Sol_MHCIIex2_021",1,"II"
"16638","Sol_MHCIIex2_058",1,"II"
"16639","Sol_MHCIIex2_015",1,"II"
"16639","Sol_MHCIIex2_077",1,"II"
"16639","Sol_MHCIIex2_084",1,"II"
"16639","Sol_MHCIIex2_090",1,"II"
"16640","Sol_MHCIIex2_008",1,"II"
"16640","Sol_MHCIIex2_014",1,"II"
"16640","Sol_MHCIIex2_021",1,"II"
"16640","Sol_MHCIIex2_062",1,"II"
"16641","Sol_MHCIIex2_020",1,"II"
"16641","Sol_MHCIIex2_037",1,"II"
"16641","Sol_MHCIIex2_086",1,"II"
"16641","Sol_MHCIIex2_110",1,"II"
"16642","Sol_MHCIIex2_014",1,"II"
"16642","Sol_MHCIIex2_017",1,"II"
"16642","Sol_MHCIIex2_018",1,"II"
"16642","Sol_MHCIIex2_020",1,"II"
"16643","Sol_MHCIIex2_008",1,"II"
"16643","Sol_MHCIIex2_015",1,"II"
"16643","Sol_MHCIIex2_017",1,"II"
"16643","Sol_MHCIIex2_024",1,"II"
"16644","Sol_MHCIIex2_014",1,"II"
"16644","Sol_MHCIIex2_015",1,"II"
"16644","Sol_MHCIIex2_061",1,"II"
"16645","Sol_MHCIIex2_008",1,"II"
"16645","Sol_MHCIIex2_014",1,"II"
"16645","Sol_MHCIIex2_032",1,"II"
"16646","Sol_MHCIIex2_014",1,"II"
"16646","Sol_MHCIIex2_021",1,"II"
"16647","Sol_MHCIIex2_008",1,"II"
"16647","Sol_MHCIIex2_015",1,"II"
"16647","Sol_MHCIIex2_017",1,"II"
"16648","Sol_MHCIIex2_073",1,"II"
"16648","Sol_MHCIIex2_076",1,"II"
"16648","Sol_MHCIIex2_079",1,"II"
"16649","Sol_MHCIIex2_029",1,"II"
"16649","Sol_MHCIIex2_056",1,"II"
"16649","Sol_MHCIIex2_067",1,"II"
"16649","Sol_MHCIIex2_095",1,"II"
"16671","Sol_MHCIIex2_008",1,"II"
"16671","Sol_MHCIIex2_014",1,"II"
"16671","Sol_MHCIIex2_023",1,"II"
"16671","Sol_MHCIIex2_026",1,"II"
"16672","Sol_MHCIIex2_014",1,"II"
"16672","Sol_MHCIIex2_020",1,"II"
"16672","Sol_MHCIIex2_109",1,"II"
"16673","Sol_MHCIIex2_017",1,"II"
"16673","Sol_MHCIIex2_078",1,"II"
"16674","Sol_MHCIIex2_018",1,"II"
"16674","Sol_MHCIIex2_072",1,"II"
"16674","Sol_MHCIIex2_074",1,"II"
"16675","Sol_MHCIIex2_020",1,"II"
"16675","Sol_MHCIIex2_026",1,"II"
"16675","Sol_MHCIIex2_057",1,"II"
"16676","Sol_MHCIIex2_015",1,"II"
"16676","Sol_MHCIIex2_032",1,"II"
"16677","Sol_MHCIIex2_020",1,"II"
"16677","Sol_MHCIIex2_028",1,"II"
"16677","Sol_MHCIIex2_094",1,"II"
"16678","Sol_MHCIIex2_001",1,"II"
"16678","Sol_MHCIIex2_008",1,"II"
"16678","Sol_MHCIIex2_023",1,"II"
"16679","Sol_MHCIIex2_025",1,"II"
"16679","Sol_MHCIIex2_037",1,"II"
"16679","Sol_MHCIIex2_089",1,"II"
"16680","Sol_MHCIIex2_020",1,"II"
"16680","Sol_MHCIIex2_035",1,"II"
"16680","Sol_MHCIIex2_082",1,"II"
"16681","Sol_MHCIIex2_026",1,"II"
"16681","Sol_MHCIIex2_028",1,"II"
"16681","Sol_MHCIIex2_058",1,"II"
"16682","Sol_MHCIIex2_037",1,"II"
"16682","Sol_MHCIIex2_043",1,"II"
"16682","Sol_MHCIIex2_006",1,"II"
"16683","Sol_MHCIIex2_008",1,"II"
"16683","Sol_MHCIIex2_014",1,"II"
"16683","Sol_MHCIIex2_028",1,"II"
"16684","Sol_MHCIIex2_014",1,"II"
"16684","Sol_MHCIIex2_015",1,"II"
"16684","Sol_MHCIIex2_020",1,"II"
"16685","Sol_MHCIIex2_026",1,"II"
"16685","Sol_MHCIIex2_028",1,"II"
"16686","Sol_MHCIIex2_017",1,"II"
"16686","Sol_MHCIIex2_018",1,"II"
"16686","Sol_MHCIIex2_023",1,"II"
"16687","Sol_MHCIIex2_014",1,"II"
"16687","Sol_MHCIIex2_061",1,"II"
"16687","Sol_MHCIIex2_093",1,"II"
"16687","Sol_MHCIIex2_107",1,"II"
"16688","Sol_MHCIIex2_008",1,"II"
"16688","Sol_MHCIIex2_014",1,"II"
"16688","Sol_MHCIIex2_023",1,"II"
"16689","Sol_MHCIIex2_020",1,"II"
"16689","Sol_MHCIIex2_024",1,"II"
"16689","Sol_MHCIIex2_035",1,"II"
"16690","Sol_MHCIIex2_018",1,"II"
"16690","Sol_MHCIIex2_020",1,"II"
"16690","Sol_MHCIIex2_032",1,"II"
"16709","Sol_MHCIIex2_014",1,"II"
"16709","Sol_MHCIIex2_020",1,"II"
"16709","Sol_MHCIIex2_027",1,"II"
"16710","Sol_MHCIIex2_001",1,"II"
"16710","Sol_MHCIIex2_026",1,"II"
"16710","Sol_MHCIIex2_057",1,"II"
"16710","Sol_MHCIIex2_098",1,"II"
"16712","Sol_MHCIIex2_008",1,"II"
"16712","Sol_MHCIIex2_017",1,"II"
"16712","Sol_MHCIIex2_118",1,"II"
"16713","Sol_MHCIIex2_001",1,"II"
"16713","Sol_MHCIIex2_015",1,"II"
"16713","Sol_MHCIIex2_023",1,"II"
"16714","Sol_MHCIIex2_023",1,"II"
"16714","Sol_MHCIIex2_059",1,"II"
"16715","Sol_MHCIIex2_014",1,"II"
"16715","Sol_MHCIIex2_020",1,"II"
"16716","Sol_MHCIIex2_028",1,"II"
"16716","Sol_MHCIIex2_032",1,"II"
"16717","Sol_MHCIIex2_001",1,"II"
"16717","Sol_MHCIIex2_006",1,"II"
"16717","Sol_MHCIIex2_002",1,"II"
"16718","Sol_MHCIIex2_001",1,"II"
"16718","Sol_MHCIIex2_019",1,"II"
"16718","Sol_MHCIIex2_040",1,"II"
"16720","Sol_MHCIIex2_004",1,"II"
"16720","Sol_MHCIIex2_009",1,"II"
"16720","Sol_MHCIIex2_007",1,"II"
"16573","Sol_MHCIIex2_001",1,"II"
"16573","Sol_MHCIIex2_008",1,"II"
"16573","Sol_MHCIIex2_005",1,"II"
"16574","Sol_MHCIIex2_003",1,"II"
"16575","Sol_MHCIIex2_013",1,"II"
"16575","Sol_MHCIIex2_035",1,"II"
"16576","Sol_MHCIIex2_045",1,"II"
"16576","Sol_MHCIIex2_097",1,"II"
"16576","Sol_MHCIIex2_104",1,"II"
"16577","Sol_MHCIIex2_003",1,"II"
"16578","Sol_MHCIIex2_001",1,"II"
"16578","Sol_MHCIIex2_015",1,"II"
"16578","Sol_MHCIIex2_016",1,"II"
"16578","Sol_MHCIIex2_106",1,"II"
"16579","Sol_MHCIIex2_001",1,"II"
"16579","Sol_MHCIIex2_008",1,"II"
"16579","Sol_MHCIIex2_005",1,"II"
"16580","Sol_MHCIIex2_013",1,"II"
"16580","Sol_MHCIIex2_001",1,"II"
"16580","Sol_MHCIIex2_003",1,"II"
"16580","Sol_MHCIIex2_015",1,"II"
"16580","Sol_MHCIIex2_016",1,"II"
"16581","Sol_MHCIIex2_036",1,"II"
"16581","Sol_MHCIIex2_099",1,"II"
"16583","Sol_MHCIIex2_036",1,"II"
"16583","Sol_MHCIIex2_042",1,"II"
"16572d","Sol_MHCIIex2_017",1,"II"
"16572d","Sol_MHCIIex2_022",1,"II"
"16636d","Sol_MHCIIex2_014",1,"II"
"16636d","Sol_MHCIIex2_017",1,"II"
"16636d","Sol_MHCIIex2_021",1,"II"
"16683d","Sol_MHCIIex2_008",1,"II"
"16683d","Sol_MHCIIex2_014",1,"II"
"16683d","Sol_MHCIIex2_028",1,"II"
"16714d","Sol_MHCIIex2_023",1,"II"
"16714d","Sol_MHCIIex2_038",1,"II"
"16714d","Sol_MHCIIex2_059",1,"II"
"16584","Sol_MHCIIex2_042",1,"II"
"16584","Sol_MHCIIex2_048",1,"II"
"16585","Sol_MHCIIex2_036",1,"II"
"16585","Sol_MHCIIex2_063",1,"II"
"16586","Sol_MHCIIex2_060",1,"II"
"16586","Sol_MHCIIex2_091",1,"II"
"16587","Sol_MHCIIex2_013",1,"II"
"16587","Sol_MHCIIex2_003",1,"II"
"16587","Sol_MHCIIex2_018",1,"II"
"16588","Sol_MHCIIex2_013",1,"II"
"16588","Sol_MHCIIex2_001",1,"II"
"16588","Sol_MHCIIex2_003",1,"II"
"16589","Sol_MHCIIex2_013",1,"II"
"16589","Sol_MHCIIex2_003",1,"II"
"16589","Sol_MHCIIex2_027",1,"II"
"16590","Sol_MHCIIex2_001",1,"II"
"16590","Sol_MHCIIex2_016",1,"II"
"16590","Sol_MHCIIex2_035",1,"II"
"16591","Sol_MHCIIex2_013",1,"II"
"16591","Sol_MHCIIex2_008",1,"II"
"16591","Sol_MHCIIex2_015",1,"II"
"16592","Sol_MHCIIex2_019",1,"II"
"16592","Sol_MHCIIex2_025",1,"II"
"16593","Sol_MHCIIex2_013",1,"II"
"16593","Sol_MHCIIex2_008",1,"II"
"16593","Sol_MHCIIex2_015",1,"II"
"16594","Sol_MHCIIex2_013",1,"II"
"16594","Sol_MHCIIex2_008",1,"II"
"16594","Sol_MHCIIex2_015",1,"II"
"16611","Sol_MHCIIex2_013",1,"II"
"16611","Sol_MHCIIex2_018",1,"II"
"16612","Sol_MHCIIex2_060",1,"II"
"16612","Sol_MHCIIex2_066",1,"II"
"16612","Sol_MHCIIex2_092",1,"II"
"16613","Sol_MHCIIex2_063",1,"II"
"16613","Sol_MHCIIex2_088",1,"II"
"16614","Sol_MHCIIex2_013",1,"II"
"16614","Sol_MHCIIex2_087",1,"II"
"16615","Sol_MHCIIex2_018",1,"II"
"16615","Sol_MHCIIex2_031",1,"II"
"16616","Sol_MHCIIex2_013",1,"II"
"16616","Sol_MHCIIex2_008",1,"II"
"16616","Sol_MHCIIex2_003",1,"II"
"16616","Sol_MHCIIex2_040",1,"II"
"16617","Sol_MHCIIex2_001",1,"II"
"16617","Sol_MHCIIex2_016",1,"II"
"16617","Sol_MHCIIex2_021",1,"II"
"16617","Sol_MHCIIex2_033",1,"II"
"16618","Sol_MHCIIex2_013",1,"II"
"16618","Sol_MHCIIex2_008",1,"II"
"16618","Sol_MHCIIex2_015",1,"II"
"16619","Sol_MHCIIex2_013",1,"II"
"16619","Sol_MHCIIex2_008",1,"II"
"16619","Sol_MHCIIex2_015",1,"II"
"16620","Sol_MHCIIex2_013",1,"II"
"16620","Sol_MHCIIex2_008",1,"II"
"16620","Sol_MHCIIex2_003",1,"II"
"16621","Sol_MHCIIex2_019",1,"II"
"16621","Sol_MHCIIex2_025",1,"II"
"16622","Sol_MHCIIex2_019",1,"II"
"16622","Sol_MHCIIex2_025",1,"II"
"16623","Sol_MHCIIex2_001",1,"II"
"16623","Sol_MHCIIex2_016",1,"II"
"16623","Sol_MHCIIex2_021",1,"II"
"16623","Sol_MHCIIex2_033",1,"II"
"16624","Sol_MHCIIex2_013",1,"II"
"16624","Sol_MHCIIex2_008",1,"II"
"16624","Sol_MHCIIex2_015",1,"II"
"16625","Sol_MHCIIex2_001",1,"II"
"16625","Sol_MHCIIex2_016",1,"II"
"16625","Sol_MHCIIex2_021",1,"II"
"16625","Sol_MHCIIex2_033",1,"II"
"16626","Sol_MHCIIex2_013",1,"II"
"16626","Sol_MHCIIex2_008",1,"II"
"16626","Sol_MHCIIex2_015",1,"II"
"16650","Sol_MHCIIex2_013",1,"II"
"16650","Sol_MHCIIex2_008",1,"II"
"16650","Sol_MHCIIex2_003",1,"II"
"16651","Sol_MHCIIex2_013",1,"II"
"16651","Sol_MHCIIex2_008",1,"II"
"16651","Sol_MHCIIex2_003",1,"II"
"16652","Sol_MHCIIex2_013",1,"II"
"16652","Sol_MHCIIex2_008",1,"II"
"16652","Sol_MHCIIex2_003",1,"II"
"16653","Sol_MHCIIex2_001",1,"II"
"16653","Sol_MHCIIex2_016",1,"II"
"16653","Sol_MHCIIex2_019",1,"II"
"16654","Sol_MHCIIex2_001",1,"II"
"16654","Sol_MHCIIex2_016",1,"II"
"16654","Sol_MHCIIex2_019",1,"II"
"16655","Sol_MHCIIex2_001",1,"II"
"16655","Sol_MHCIIex2_016",1,"II"
"16655","Sol_MHCIIex2_019",1,"II"
"16656","Sol_MHCIIex2_001",1,"II"
"16656","Sol_MHCIIex2_016",1,"II"
"16656","Sol_MHCIIex2_019",1,"II"
"16657","Sol_MHCIIex2_001",1,"II"
"16657","Sol_MHCIIex2_016",1,"II"
"16657","Sol_MHCIIex2_018",1,"II"
"16658","Sol_MHCIIex2_001",1,"II"
"16658","Sol_MHCIIex2_016",1,"II"
"16658","Sol_MHCIIex2_018",1,"II"
"16721","Sol_MHCIIex2_052",1,"II"
"16721","Sol_MHCIIex2_055",1,"II"
"16722","Sol_MHCIIex2_027",1,"II"
"16722","Sol_MHCIIex2_034",1,"II"
"16723","Sol_MHCIIex2_013",1,"II"
"16723","Sol_MHCIIex2_008",1,"II"
"16723","Sol_MHCIIex2_003",1,"II"
"16723","Sol_MHCIIex2_040",1,"II"
"16724","Sol_MHCIIex2_013",1,"II"
"16724","Sol_MHCIIex2_003",1,"II"
"16724","Sol_MHCIIex2_015",1,"II"
"16725","Sol_MHCIIex2_001",1,"II"
"16725","Sol_MHCIIex2_003",1,"II"
"16725","Sol_MHCIIex2_016",1,"II"
"16726","Sol_MHCIIex2_013",1,"II"
"16726","Sol_MHCIIex2_003",1,"II"
"16726","Sol_MHCIIex2_027",1,"II"
"16727","Sol_MHCIIex2_013",1,"II"
"16727","Sol_MHCIIex2_018",1,"II"
"16728","Sol_MHCIIex2_001",1,"II"
"16728","Sol_MHCIIex2_031",1,"II"
"16728","Sol_MHCIIex2_005",1,"II"
"16729","Sol_MHCIIex2_013",1,"II"
"16729","Sol_MHCIIex2_008",1,"II"
"16729","Sol_MHCIIex2_003",1,"II"
"16729","Sol_MHCIIex2_015",1,"II"
"16730","Sol_MHCIIex2_013",1,"II"
"16730","Sol_MHCIIex2_008",1,"II"
"16730","Sol_MHCIIex2_003",1,"II"
"16731","Sol_MHCIIex2_003",1,"II"
"16731","Sol_MHCIIex2_015",1,"II"
"16732","Sol_MHCIIex2_001",1,"II"
"16732","Sol_MHCIIex2_015",1,"II"
"16732","Sol_MHCIIex2_016",1,"II"
"16732","Sol_MHCIIex2_115",1,"II"
"16733","Sol_MHCIIex2_001",1,"II"
"16733","Sol_MHCIIex2_015",1,"II"
"16733","Sol_MHCIIex2_016",1,"II"
"16733","Sol_MHCIIex2_054",1,"II"
"16734","Sol_MHCIIex2_013",1,"II"
"16734","Sol_MHCIIex2_001",1,"II"
"16734","Sol_MHCIIex2_003",1,"II"
"16734","Sol_MHCIIex2_039",1,"II"
"16735","Sol_MHCIIex2_001",1,"II"
"16735","Sol_MHCIIex2_008",1,"II"
"16735","Sol_MHCIIex2_015",1,"II"
"16735","Sol_MHCIIex2_005",1,"II"
"16736","Sol_MHCIIex2_003",1,"II"
"16736","Sol_MHCIIex2_018",1,"II"
"16737","Sol_MHCIIex2_008",1,"II"
"16737","Sol_MHCIIex2_003",1,"II"
"16737","Sol_MHCIIex2_018",1,"II"
"16659","Sol_MHCIIex2_014",1,"II"
"16659","Sol_MHCIIex2_020",1,"II"
"16659","Sol_MHCIIex2_027",1,"II"
"16660","Sol_MHCIIex2_008",1,"II"
"16660","Sol_MHCIIex2_024",1,"II"
"16660","Sol_MHCIIex2_032",1,"II"
"16661","Sol_MHCIIex2_001",1,"II"
"16661","Sol_MHCIIex2_083",1,"II"
"16661","Sol_MHCIIex2_096",1,"II"
"16662","Sol_MHCIIex2_018",1,"II"
"16662","Sol_MHCIIex2_030",1,"II"
"16662","Sol_MHCIIex2_044",1,"II"
"16663","Sol_MHCIIex2_013",1,"II"
"16663","Sol_MHCIIex2_021",1,"II"
"16663","Sol_MHCIIex2_036",1,"II"
"16664","Sol_MHCIIex2_001",1,"II"
"16664","Sol_MHCIIex2_003",1,"II"
"16664","Sol_MHCIIex2_016",1,"II"
"16665","Sol_MHCIIex2_013",1,"II"
"16665","Sol_MHCIIex2_001",1,"II"
"16665","Sol_MHCIIex2_003",1,"II"
"16665","Sol_MHCIIex2_039",1,"II"
"16666","Sol_MHCIIex2_044",1,"II"
"16666","Sol_MHCIIex2_070",1,"II"
"16667","Sol_MHCIIex2_013",1,"II"
"16667","Sol_MHCIIex2_003",1,"II"
"16667","Sol_MHCIIex2_071",1,"II"
"16669","Sol_MHCIIex2_013",1,"II"
"16669","Sol_MHCIIex2_008",1,"II"
"16669","Sol_MHCIIex2_015",1,"II"
"16670","Sol_MHCIIex2_018",1,"II"
"16670","Sol_MHCIIex2_021",1,"II"
"16670","Sol_MHCIIex2_033",1,"II"
"16670","Sol_MHCIIex2_035",1,"II"
"16691","Sol_MHCIIex2_052",1,"II"
"16691","Sol_MHCIIex2_055",1,"II"
"16692","Sol_MHCIIex2_001",1,"II"
"16692","Sol_MHCIIex2_031",1,"II"
"16692","Sol_MHCIIex2_040",1,"II"
"16693","Sol_MHCIIex2_013",1,"II"
"16693","Sol_MHCIIex2_003",1,"II"
"16693","Sol_MHCIIex2_021",1,"II"
"16694","Sol_MHCIIex2_013",1,"II"
"16694","Sol_MHCIIex2_025",1,"II"
"16694","Sol_MHCIIex2_039",1,"II"
"16695","Sol_MHCIIex2_001",1,"II"
"16695","Sol_MHCIIex2_016",1,"II"
"16695","Sol_MHCIIex2_033",1,"II"
"16696","Sol_MHCIIex2_019",1,"II"
"16697","Sol_MHCIIex2_031",1,"II"
"16697","Sol_MHCIIex2_044",1,"II"
"16698","Sol_MHCIIex2_001",1,"II"
"16698","Sol_MHCIIex2_019",1,"II"
"16698","Sol_MHCIIex2_005",1,"II"
"16699","Sol_MHCIIex2_047",1,"II"
"16699","Sol_MHCIIex2_056",1,"II"
"16699","Sol_MHCIIex2_065",1,"II"
"16699","Sol_MHCIIex2_075",1,"II"
"16700","Sol_MHCIIex2_013",1,"II"
"16700","Sol_MHCIIex2_019",1,"II"
"16701","Sol_MHCIIex2_013",1,"II"
"16701","Sol_MHCIIex2_003",1,"II"
"16701","Sol_MHCIIex2_015",1,"II"
"16701","Sol_MHCIIex2_025",1,"II"
"16701","Sol_MHCIIex2_039",1,"II"
"16702","Sol_MHCIIex2_001",1,"II"
"16702","Sol_MHCIIex2_016",1,"II"
"16703","Sol_MHCIIex2_008",1,"II"
"16703","Sol_MHCIIex2_024",1,"II"
"16703","Sol_MHCIIex2_053",1,"II"
"16704","Sol_MHCIIex2_013",1,"II"
"16704","Sol_MHCIIex2_018",1,"II"
"16705","Sol_MHCIIex2_015",1,"II"
"16705","Sol_MHCIIex2_036",1,"II"
"16705","Sol_MHCIIex2_080",1,"II"
"16706","Sol_MHCIIex2_001",1,"II"
"16706","Sol_MHCIIex2_003",1,"II"
"16706","Sol_MHCIIex2_016",1,"II"
"16707","Sol_MHCIIex2_021",1,"II"
"16707","Sol_MHCIIex2_027",1,"II"
"16707","Sol_MHCIIex2_031",1,"II"
"16708","Sol_MHCIIex2_013",1,"II"
"16708","Sol_MHCIIex2_001",1,"II"
"16708","Sol_MHCIIex2_016",1,"II"
"16587d","Sol_MHCIIex2_013",1,"II"
"16587d","Sol_MHCIIex2_003",1,"II"
"16587d","Sol_MHCIIex2_018",1,"II"
"16653d","Sol_MHCIIex2_001",1,"II"
"16653d","Sol_MHCIIex2_016",1,"II"
"16653d","Sol_MHCIIex2_019",1,"II"
"16733d","Sol_MHCIIex2_001",1,"II"
"16733d","Sol_MHCIIex2_015",1,"II"
"16733d","Sol_MHCIIex2_016",1,"II"
"16733d","Sol_MHCIIex2_054",1,"II"
"16703d","Sol_MHCIIex2_008",1,"II"
"16703d","Sol_MHCIIex2_024",1,"II"
"16703d","Sol_MHCIIex2_053",1,"II"
